<?xml version="1.0" encoding="UTF-8"?>
<!-- DOCTYPE이 sqlMapConfig은 iBATIS의 환경을 설정하는 xml 파일이다. -->
<!DOCTYPE sqlMapConfig PUBLIC "-//iBATIS.com//DTD SQL Map Config 2.0//EN"
"http://www.ibatis.com/dtd/sql-map-config-2.dtd">
<sqlMapConfig>
	<properties resource="my/sqlmap/OracleConnection.properties" />
	<settings 
		cacheModelsEnabled="true" 
		enhancementEnabled="true"
		lazyLoadingEnabled="true" 
		maxRequests="32" 
		maxSessions="10"
		maxTransactions="5" 
		useStatementNamespaces="false" 
	/>
	<typeAlias alias="person" type="my.ibatis.Person" />
	<transactionManager type="JDBC">
		<dataSource type="SIMPLE">
			<property name="JDBC.Driver" value="${driver}" />
			<property name="JDBC.ConnectionURL" value="${url}" />
			<property name="JDBC.Username" value="${username}" />
			<property name="JDBC.Password" value="${password}" />
		</dataSource>
	</transactionManager>
	<sqlMap resource="my/sqlmap/person.xml" />
</sqlMapConfig>






